[
  {
    "course_id": 87,
    "Title": "Introduction to Programming & Python | Python Tutorial - Day #1",
    "Link": "https://www.youtube.com/watch?v=7wnove7K-ZQ&list=PLu0W_9lII9agwh1XjRt242xIpHhPT2llg",
    "Like": "176K",
    "Views": "6.7M",
    "Course ID": "",
    "Categories": "Python"
  },
  {
    "course_id": 94,
    "Title": "Python Full Course - 12 Hours | Python For Beginners - Full Course | Python Tutorial | Edureka",
    "Link": "https://www.youtube.com/watch?v=WGJJIrtnfpk",
    "Like": "126K",
    "Views": "6.6M",
    "Course ID": "",
    "Categories": "Python"
  },
  {
    "course_id": 89,
    "Title": "PYTHON CODE ALONG | python tutorial for absolute beginners (learn to code in python)",
    "Link": "https://www.youtube.com/watch?v=bF_xdxYN-zw&list=PLvisA2P0_d9G4ZtA_8CqRIXidtbS0iPxp",
    "Like": "1.1K",
    "Views": "33K",
    "Course ID": "",
    "Categories": "Python"
  },
  {
    "course_id": 97,
    "Title": "Python Full Course for FREE in 4k",
    "Link": "https://www.youtube.com/watch?v=uB3WrXp81YU",
    "Like": "4",
    "Views": "58",
    "Course ID": "",
    "Categories": "Python"
  },
  {
    "course_id": 102,
    "Title": "Python Tutorial for Beginners - Full Course (with Notes & Practice Questions)",
    "Link": "https://www.youtube.com/watch?v=ERCMXc8x7mc",
    "Like": "80K",
    "Views": "4.1M",
    "Course ID": "",
    "Categories": "Python"
  },
  {
    "course_id": 90,
    "Title": "Learn Python - Full Course for Beginners [Tutorial]",
    "Link": "https://www.youtube.com/watch?v=rfscVS0vtbw",
    "Like": "1M",
    "Views": "44M",
    "Course ID": "",
    "Categories": "Python"
  },
  {
    "course_id": 107,
    "Title": "Python For Beginners in Telugu [PART 1] || Code with Swaroop || Zero to Hero || Introduction",
    "Link": "https://www.youtube.com/watch?v=GmdGv5ndX54&list=PLS8lzSv6JRJ2OC7KVp05jqtY4MgLsitdX",
    "Like": "16K",
    "Views": "324K",
    "Course ID": "",
    "Categories": "Python"
  },
  {
    "course_id": 104,
    "Title": "Python Full Course | Python for Beginners (Full Course) | Best Python Course with Examples | Edureka",
    "Link": "https://www.youtube.com/watch?v=KEku-6CBX6M&list=PL9ooVrP1hQOE4KoZLUP4LgBwFH2IJCQs6",
    "Like": "1.1K",
    "Views": "43K",
    "Course ID": "",
    "Categories": "Python"
  },
  {
    "course_id": 98,
    "Title": "Introduction to Python Course | Python for beginners",
    "Link": "https://www.youtube.com/watch?v=6i3EGqOBRiU&list=PLdo5W4Nhv31bZSiqiOL5ta39vSnBxpOPT",
    "Like": "13K",
    "Views": "968K",
    "Course ID": "",
    "Categories": "Python"
  },
  {
    "course_id": 88,
    "Title": "Python How To | Google IT Automation with Python Certificate",
    "Link": "https://www.youtube.com/watch?v=wgYbksLbaqU&list=PLTZYG7bZ1u6pqki1CRuW4D4XwsBrRbUpg",
    "Like": "2K",
    "Views": "132K",
    "Course ID": "",
    "Categories": "Python"
  },
  {
    "course_id": 108,
    "Title": "Python for Hackers FULL Course | Bug Bounty & Ethical Hacking",
    "Link": "https://www.youtube.com/watch?v=XWuP5Yf5ILI",
    "Like": "25K",
    "Views": "557K",
    "Course ID": "",
    "Categories": "Python"
  },
  {
    "course_id": 99,
    "Title": "Python Bangla Tutorials 0 : Welcome To Python",
    "Link": "https://www.youtube.com/watch?v=xjcCi6Tzfxw&list=PLgH5QX0i9K3rz5XqMsTk41_j15_6682BN",
    "Like": "5.3K",
    "Views": "409K",
    "Course ID": "",
    "Categories": "Python"
  },
  {
    "course_id": 93,
    "Title": "Python for Beginners – Full Course [Programming Tutorial]",
    "Link": "https://www.youtube.com/watch?v=eWRfhZUzrAc",
    "Like": "55K",
    "Views": "2.65M",
    "Course ID": "",
    "Categories": "Python"
  },
  {
    "course_id": 103,
    "Title": "What is Python | Python Programming | Complete Introduction to Python for Beginners",
    "Link": "https://www.youtube.com/watch?v=OZIRAavoGng&list=PLjVLYmrlmjGcQfNj_SLlLV4Ytf39f8BF7",
    "Like": "16K",
    "Views": "981K",
    "Course ID": "",
    "Categories": "Python"
  },
  {
    "course_id": 95,
    "Title": "Python Full Course 2023 | Learn Python in 12 Hours | Python Tutorial for Beginners | Simplilearn",
    "Link": "https://www.youtube.com/watch?v=ITSMDeOgXxw",
    "Like": "4.8K",
    "Views": "391K",
    "Course ID": "",
    "Categories": "Python"
  },
  {
    "course_id": 83,
    "Title": "Python Tutorial - Python Full Course for Beginners",
    "Link": "https://www.youtube.com/watch?v=_uQrJ0TkZlc",
    "Like": "1.1M",
    "Views": "40M",
    "Course ID": "",
    "Categories": "Python"
  },
  {
    "course_id": 91,
    "Title": "Python Full Course | Free Python Tutorial for Beginners",
    "Link": "https://www.youtube.com/watch?v=sRrkqjqTTQQ&t=1s",
    "Like": "7.1K",
    "Views": "162K",
    "Course ID": "",
    "Categories": "Python"
  },
  {
    "course_id": 84,
    "Title": "Python Full Course Bangla Tutorial for beginners Outline [20 Projects] ‪@StudyMart‬",
    "Link": "https://www.youtube.com/watch?v=Ri1Lgdew8Ds&list=PLNMnAEqLBwmpR8JDBOEl0jrzmH1vPnO7v",
    "Like": "8.1K",
    "Views": "259K",
    "Course ID": "",
    "Categories": "Python"
  },
  {
    "course_id": 96,
    "Title": "Python Tutorial For Beginners in Hindi | Complete Python Course 🔥",
    "Link": "https://www.youtube.com/watch?v=UrsmFxEIp5k",
    "Like": "82K",
    "Views": "2.7M",
    "Course ID": "",
    "Categories": "Python"
  },
  {
    "course_id": 106,
    "Title": "Python Full Course for Beginners | Complete All-in-One Tutorial | 9 Hours",
    "Link": "https://www.youtube.com/watch?v=H2EJuAcrZYU",
    "Like": "13K",
    "Views": "557K",
    "Course ID": "",
    "Categories": "Python"
  },
  {
    "course_id": 101,
    "Title": "Harvard CS50’s Introduction to Programming with Python – Full University Course",
    "Link": "https://www.youtube.com/watch?v=nLRL_NcnK-4",
    "Like": "144K",
    "Views": "4.9M",
    "Course ID": "",
    "Categories": "Python"
  },
  {
    "course_id": 92,
    "Title": "Python Tutorial for Beginners (with mini-projects)",
    "Link": "https://www.youtube.com/watch?v=qwAFL1597eM",
    "Like": "14K",
    "Views": "622K",
    "Course ID": "",
    "Categories": "Python"
  },
  {
    "course_id": 105,
    "Title": "Python Tutorial - Python Full Course For Beginners 2023 [Bangla]",
    "Link": "https://www.youtube.com/watch?v=1mLmW0sTzjw",
    "Like": "22k",
    "Views": "600K",
    "Course ID": "",
    "Categories": "Python"
  },
  {
    "course_id": 100,
    "Title": "Python Tutorial for Absolute Beginners #1 - What Are Variables?",
    "Link": "https://www.youtube.com/watch?v=Z1Yd7upQsXY&list=RDQM7kLWSUNZGG0&start_radio=1",
    "Like": "197K",
    "Views": "8.9M",
    "Course ID": "",
    "Categories": "Python"
  },
  {
    "course_id": 85,
    "Title": "Python Full Course❤️ | Variables & Data Types | Lecture 1",
    "Link": "https://www.youtube.com/watch?v=t2_Q2BRzeEE&list=PLGjplNEQ1it8-0CmoljS5yeV-GlKSUEt0",
    "Like": "56K",
    "Views": "2.8M",
    "Course ID": "",
    "Categories": "Python"
  },
  {
    "course_id": 86,
    "Title": "Python Full Course for free 🐍 (2024)",
    "Link": "https://www.youtube.com/watch?v=ix9cRaBkVe0",
    "Like": "16K",
    "Views": "239K",
    "Course ID": "",
    "Categories": "Python"
  },
  {
    "course_id": 147,
    "Title": "Data Structures & Algorithms #1 - What Are Data Structures?",
    "Link": "https://www.youtube.com/watch?v=bum_19loj9A&list=PLBZBJbE_rGRV8D7XZ08LK6z-4zPoWzu5H",
    "Like": "45K",
    "Views": "2.2M",
    "Course ID": "",
    "Categories": "Data Structure"
  },
  {
    "course_id": 132,
    "Title": "Learn Java in One Video - 15-minute Crash Course",
    "Link": "https://www.youtube.com/watch?v=drQK8ciCAjY",
    "Like": "25K",
    "Views": "701K",
    "Course ID": "",
    "Categories": "Java"
  },
  {
    "course_id": 130,
    "Title": "🚀🔥 JAVA Complete Course Part-1 (2024) | 100+ Programming Challenges",
    "Link": "https://www.youtube.com/watch?v=PymbRTMb4hY",
    "Like": "23K",
    "Views": "938K",
    "Course ID": "",
    "Categories": ""
  },
  {
    "course_id": 135,
    "Title": "Java Full Course For Beginners | Free Java Tutorial Basic to Advance [Hindi]",
    "Link": "https://www.youtube.com/watch?v=1uSGOwGqII8",
    "Like": "1K",
    "Views": "40K",
    "Course ID": "",
    "Categories": "Java"
  },
  {
    "course_id": 145,
    "Title": "Complete DS Data Structure in one shot | Semester Exam | Hindi",
    "Link": "https://www.youtube.com/watch?v=MdG0Vw9f1A4&list=PLmXKhU9FNesRRy20Hjr2GuQ7Y6wevfsc5",
    "Like": "16K",
    "Views": "836K",
    "Course ID": "",
    "Categories": "Data Structure"
  },
  {
    "course_id": 123,
    "Title": "Learn Java in 14 Minutes (seriously)",
    "Link": "https://www.youtube.com/watch?v=RRubcjpTkks",
    "Like": "207K",
    "Views": "4.7M",
    "Course ID": "",
    "Categories": "Java"
  },
  {
    "course_id": 129,
    "Title": "Core Java Syllabus | Learn Coding",
    "Link": "https://www.youtube.com/watch?v=YOVicRQ6QKE&list=PLqleLpAMfxGAdqZeY_4uVQOPCnAjhH-eT",
    "Like": "23K",
    "Views": "603K",
    "Course ID": "",
    "Categories": "Java"
  },
  {
    "course_id": 118,
    "Title": "Learn Java 8 - Full Tutorial for Beginners",
    "Link": "https://www.youtube.com/watch?v=grEKMHGYyns",
    "Like": "61K",
    "Views": "3.5M",
    "Course ID": "",
    "Categories": "Java"
  },
  {
    "course_id": 137,
    "Title": "Introduction to Data Structures",
    "Link": "https://www.youtube.com/watch?v=xLetJpcjHS0&list=PLBlnK6fEyqRj9lld8sWIUNwlKfdUoPd1Y",
    "Like": "18K",
    "Views": "1.5M",
    "Course ID": "",
    "Categories": ""
  },
  {
    "course_id": 131,
    "Title": "Introduction to Java | Java Architecture | Lecture 1 | Java and DSA Foundation Course",
    "Link": "https://www.youtube.com/watch?v=RJ733wzbNoA&list=PLxgZQoSe9cg00xyG5gzb5BMkOClkch7Gr",
    "Like": "14K",
    "Views": "853K",
    "Course ID": "",
    "Categories": "Java"
  },
  {
    "course_id": 116,
    "Title": "Java Full Course [NEW]",
    "Link": "https://www.youtube.com/watch?v=Qgl81fPcLc8",
    "Like": "39K",
    "Views": "1.5M",
    "Course ID": "",
    "Categories": "Java"
  },
  {
    "course_id": 140,
    "Title": "Introduction to trees (Part1) | Data Structures | Bangla Tutorial",
    "Link": "https://www.youtube.com/watch?v=T-W-Hg8juLU&list=PLgrAmbRAezugf1uH-OmJF43TEHdi5dg8w",
    "Like": "712",
    "Views": "68K",
    "Course ID": "",
    "Categories": "Data Structure"
  },
  {
    "course_id": 149,
    "Title": "Best Data Structures & Algorithms (DSA) Course - Clear Any FAANG Interview!",
    "Link": "https://www.youtube.com/watch?v=rZ41y93P2Qo&list=PL9gnSGHSqcnr_DxHsP7AW9ftq0AtAyYqJ",
    "Like": "33K",
    "Views": "2.8M",
    "Course ID": "",
    "Categories": "Data Structure"
  },
  {
    "course_id": 124,
    "Title": "Java Full Course In 12 Hours | Java Tutorial for Beginners | Java Online Training | Edureka",
    "Link": "https://www.youtube.com/watch?v=x1RCEvYRTz0&list=PL9ooVrP1hQOEe9EN119lMdwcBxcrBI1D3",
    "Like": "3.2K",
    "Views": "275K",
    "Course ID": "",
    "Categories": "Java"
  },
  {
    "course_id": 138,
    "Title": "Data structures introduction",
    "Link": "https://www.youtube.com/watch?v=Qmt0QwzEmh0&list=PLDV1Zeh2NRsB6SWUrDFW2RmDotAfPbeHu",
    "Like": "3.63K",
    "Views": "216K",
    "Course ID": "",
    "Categories": "Data Structure"
  }
]